[
  {
    "title" : "首页",
    "imageName" : "home",
    "clsName" : "WBHomeViewController",
    "visitorInfo" : {
      "message" : "关注一些人，回这里看看有什么惊喜",
      "imageName" : ""
    }
  },
  {
    "visitorInfo" : {
      "imageName" : "visitordiscover_image_message",
      "message" : "登录后，别人评论你的微博，给你发消息，都会在这里收到通知"
    },
    "imageName" : "message_center",
    "title" : "消息",
    "clsName" : "WBMessageViewController"
  },
  {
    "clsName" : "UIViewController"
  },
  {
    "title" : "发现",
    "clsName" : "WBDiscoverViewController",
    "visitorInfo" : {
      "imageName" : "visitordiscover_image_message",
      "message" : "登录后，最新、最热微博尽在掌握，不再与实事潮流擦肩而过"
    },
    "imageName" : "discover"
  },
  {
    "clsName" : "WBProfileViewController",
    "visitorInfo" : {
      "imageName" : "visitordiscover_image_profile",
      "message" : "登录后，你的微博、相册、个人资料会显示在这里，展示给别人"
    },
    "title" : "我",
    "imageName" : "profile"
  }
]